{
  "project_info": {
    "project_number": "589313953378",
    "firebase_url": "https://ruconnected-1b6d7.firebaseio.com",
    "project_id": "ruconnected-1b6d7",
    "storage_bucket": "ruconnected-1b6d7.appspot.com"
  },
  "client": [
    {
      "client_info": {
        "mobilesdk_app_id": "1:589313953378:android:147799bc05889a79688b3b",
        "android_client_info": {
          "package_name": "com.tarcisio.ruconnected"
        }
      },
      "oauth_client": [
        {
          "client_id": "589313953378-ihhto79k74otqt5eel73u3lhkeq509eq.apps.googleusercontent.com",
          "client_type": 1,
          "android_info": {
            "package_name": "com.tarcisio.ruconnected",
            "certificate_hash": "2b3a7f968bc315fe9c958a062fe02b3e43f86cc7"
          }
        },
        {
          "client_id": "589313953378-3pr26ea0bgiu2ud5btgss5ql1uovijav.apps.googleusercontent.com",
          "client_type": 3
        }
      ],
      "api_key": [
        {
          "current_key": "AIzaSyD0QTcyOLPggcj1BVXan-gEw_80Jm9HMvg"
        }
      ],
      "services": {
        "appinvite_service": {
          "other_platform_oauth_client": [
            {
              "client_id": "589313953378-3pr26ea0bgiu2ud5btgss5ql1uovijav.apps.googleusercontent.com",
              "client_type": 3
            }
          ]
        }
      }
    }
  ],
  "configuration_version": "1"
}